{"cameraMode":{"drawMode":0,"name":"Shaded","section":"Shading Mode"},"sceneLighting":false,"audioPlay":false,"sceneViewState":{"m_AlwaysRefresh":false,"showFog":false,"showSkybox":false,"showFlares":false,"showImageEffects":false,"showParticleSystems":false,"showVisualEffectGraphs":true,"m_FxEnabled":true},"in2DMode":false,"pivot":{"x":0.061666861176490787,"y":0.7066735625267029,"z":0.8163119554519653},"rotation":{"x":0.054945919662714007,"y":-0.9256354570388794,"z":0.1478576511144638,"w":0.3439761996269226},"size":1.250999927520752,"orthographic":false}