{"cameraMode":{"drawMode":0,"name":"Shaded","section":"Shading Mode"},"sceneLighting":true,"audioPlay":false,"sceneViewState":{"m_AlwaysRefresh":false,"showFog":true,"showSkybox":true,"showFlares":true,"showImageEffects":true,"showParticleSystems":true,"showVisualEffectGraphs":true,"m_FxEnabled":true},"in2DMode":false,"pivot":{"x":-6.354389190673828,"y":-3.002674102783203,"z":-25.146961212158204},"rotation":{"x":0.01435279194265604,"y":-0.971967875957489,"z":0.22645007073879243,"w":0.061604179441928866},"size":21.581151962280275,"orthographic":false}